{"0": {"PDR": [0, 0.9638989169675091, 0.999227202472952, 0.9908345393150024, 0.9996420901932713, 0.994682339770501, 0.9747854077253219, 0.9903464801145753, 0.9946027104982418, 0.9937608026643059]}, "1": {"PDR": [0, 0.9638989169675091, 0.999227202472952, 0.9908345393150024, 0.9996420901932713, 0.994682339770501, 0.9747854077253219, 0.9903464801145753, 0.9946027104982418, 0.9937608026643059]}, "2": {"PDR": [0, 0.9638989169675091, 0.999227202472952, 0.9908345393150024, 0.9996420901932713, 0.994682339770501, 0.9747854077253219, 0.9903464801145753, 0.9946027104982418, 0.9937608026643059]}}